{
  "precision": 0.975412840661036,
  "recall": 0.966590443653183,
  "map@0.5": 0.9872165679716639,
  "map@0.5:0.95": [
    0.7846196825757645,
    0.5709728257482481,
    0.7942090467756706,
    0.7861035876578237,
    0.7570078196013097,
    0.7945700973737734,
    0.8060943492737976,
    0.7389148957766823,
    0.8017657996134755,
    0.7961872647676638
  ]
}