{
  "precision": 0.9915951031600199,
  "recall": 0.9886451124890459,
  "map@0.5": 0.99443193624891,
  "map@0.5:0.95": [
    0.8826380821347248
  ]
}